CompanyName,year_stock,Close,Volume,Date,CeoName,extract
Amazon,1997,1.515625,1292400,7/1/1997,Jeff Bezos,1
Amazon,1997,2.416667,3588000,8/1/1997,Jeff Bezos,1
Amazon,1997,4.020833,4999200,10/1/1997,Jeff Bezos,1
Amazon,1997,4.270833,2383200,12/1/1997,Jeff Bezos,1
Amazon,1998,7.510417,14451600,4/1/1998,Jeff Bezos,1
Amazon,1998,7.875,9307200,5/1/1998,Jeff Bezos,1
Amazon,1998,7.135417,8043600,6/1/1998,Jeff Bezos,1
Amazon,1998,19.020834,28254600,7/1/1998,Jeff Bezos,1
Amazon,1998,13.325521,67450800,9/1/1998,Jeff Bezos,1
Amazon,1998,17.104166,34392000,10/1/1998,Jeff Bezos,1
Amazon,1998,34.916668,47154600,12/1/1998,Jeff Bezos,1
Amazon,1999,57.9375,12781000,2/1/1999,Jeff Bezos,1
Amazon,1999,66.5,19369000,3/1/1999,Jeff Bezos,1
Amazon,1999,85.5,11573200,4/1/1999,Jeff Bezos,1
Amazon,1999,52.90625,20076400,6/1/1999,Jeff Bezos,1
Amazon,1999,61.1875,14382800,7/1/1999,Jeff Bezos,1
Amazon,1999,59.53125,21961600,9/1/1999,Jeff Bezos,1
Amazon,1999,77.25,10430300,10/1/1999,Jeff Bezos,1
Amazon,1999,69.125,12824100,11/1/1999,Jeff Bezos,1
Amazon,1999,85,10663600,12/1/1999,Jeff Bezos,1
Amazon,2000,67.4375,13404600,2/1/2000,Jeff Bezos,1
Amazon,2000,65.875,5576700,3/1/2000,Jeff Bezos,1
Amazon,2000,59.9375,8578500,5/1/2000,Jeff Bezos,1
Amazon,2000,50.1875,7622200,6/1/2000,Jeff Bezos,1
Amazon,2000,30.25,8156400,8/1/2000,Jeff Bezos,1
Amazon,2000,41.5,3347100,9/1/2000,Jeff Bezos,1
Amazon,2000,37.375,11099200,11/1/2000,Jeff Bezos,1
Amazon,2000,24.625,7757400,12/1/2000,Jeff Bezos,1
Amazon,2001,16.25,9468700,2/1/2001,Jeff Bezos,1
Amazon,2001,10.4375,10996700,3/1/2001,Jeff Bezos,1
Amazon,2001,16.889999,5107900,5/1/2001,Jeff Bezos,1
Amazon,2001,16.950001,6468600,6/1/2001,Jeff Bezos,1
Amazon,2001,12.5,5510600,8/1/2001,Jeff Bezos,1
Amazon,2001,6.01,7994400,10/1/2001,Jeff Bezos,1
Amazon,2001,6.95,5053500,11/1/2001,Jeff Bezos,1
Amazon,2002,13.73,7801400,2/1/2002,Jeff Bezos,1
Amazon,2002,15.39,9839200,3/1/2002,Jeff Bezos,1
Amazon,2002,14.8,4767900,4/1/2002,Jeff Bezos,1
Amazon,2002,16.49,7701300,5/1/2002,Jeff Bezos,1
Amazon,2002,13.55,13536500,7/1/2002,Jeff Bezos,1
Amazon,2002,14.16,6066800,8/1/2002,Jeff Bezos,1
Amazon,2002,16.950001,9217300,10/1/2002,Jeff Bezos,1
Amazon,2002,19.799999,5549400,11/1/2002,Jeff Bezos,1
Amazon,2003,25.540001,9774000,4/1/2003,Jeff Bezos,1
Amazon,2003,28.66,7689200,5/1/2003,Jeff Bezos,1
Amazon,2003,37.25,7242800,7/1/2003,Jeff Bezos,1
Amazon,2003,40.029999,8805200,8/1/2003,Jeff Bezos,1
Amazon,2003,49.119999,12563800,10/1/2003,Jeff Bezos,1
Amazon,2003,54.650002,11522800,12/1/2003,Jeff Bezos,1
Amazon,2004,42.970001,4959500,3/1/2004,Jeff Bezos,1
Amazon,2004,44.740002,6508500,4/1/2004,Jeff Bezos,1
Amazon,2004,50.23,12940300,6/1/2004,Jeff Bezos,1
Amazon,2004,52.560001,7211900,7/1/2004,Jeff Bezos,1
Amazon,2004,38.240002,5252500,9/1/2004,Jeff Bezos,1
Amazon,2004,40.470001,11268900,10/1/2004,Jeff Bezos,1
Amazon,2004,35.099998,6181300,11/1/2004,Jeff Bezos,1
Amazon,2004,39.98,7756000,12/1/2004,Jeff Bezos,1
Amazon,2005,42.48,6761500,2/1/2005,Jeff Bezos,1
Amazon,2005,35.389999,5819000,3/1/2005,Jeff Bezos,1
Amazon,2005,34.009998,5018400,4/1/2005,Jeff Bezos,1
Amazon,2005,36.5,10320200,6/1/2005,Jeff Bezos,1
Amazon,2005,32.91,2932700,7/1/2005,Jeff Bezos,1
Amazon,2005,44.93,7127200,8/1/2005,Jeff Bezos,1
Amazon,2005,41.84,4429000,9/1/2005,Jeff Bezos,1
Amazon,2005,40.369999,5383000,11/1/2005,Jeff Bezos,1
Amazon,2005,49,7866700,12/1/2005,Jeff Bezos,1
Amazon,2006,43.98,7501400,2/1/2006,Jeff Bezos,1
Amazon,2006,37.119999,6981500,3/1/2006,Jeff Bezos,1
Amazon,2006,34.59,7072700,5/1/2006,Jeff Bezos,1
Amazon,2006,35.07,5932000,6/1/2006,Jeff Bezos,1
Amazon,2006,26.32,13128800,8/1/2006,Jeff Bezos,1
Amazon,2006,31.76,6563200,9/1/2006,Jeff Bezos,1
Amazon,2006,37.560001,6668900,11/1/2006,Jeff Bezos,1
Amazon,2006,39.41,8306100,12/1/2006,Jeff Bezos,1
Amazon,2007,38.700001,26123100,2/1/2007,Jeff Bezos,1
Amazon,2007,38.849998,9255800,3/1/2007,Jeff Bezos,1
Amazon,2007,62.040001,18519000,5/1/2007,Jeff Bezos,1
Amazon,2007,68.580002,7014500,6/1/2007,Jeff Bezos,1
Amazon,2007,77.309998,16918000,8/1/2007,Jeff Bezos,1
Amazon,2007,93.410004,5397400,10/1/2007,Jeff Bezos,1
Amazon,2007,87.650002,8265700,11/1/2007,Jeff Bezos,1
Amazon,2008,74.629997,16361000,2/1/2008,Jeff Bezos,1
Amazon,2008,76.699997,9734000,4/1/2008,Jeff Bezos,1
Amazon,2008,79.360001,7197000,5/1/2008,Jeff Bezos,1
Amazon,2008,73.620003,10292500,7/1/2008,Jeff Bezos,1
Amazon,2008,75.75,4774500,8/1/2008,Jeff Bezos,1
Amazon,2008,69.580002,9622200,10/1/2008,Jeff Bezos,1
Amazon,2008,40.470001,11178900,12/1/2008,Jeff Bezos,1
Amazon,2009,73.5,7041400,4/1/2009,Jeff Bezos,1
Amazon,2009,78.959999,6121700,5/1/2009,Jeff Bezos,1
Amazon,2009,83.050003,10796500,6/1/2009,Jeff Bezos,1
Amazon,2009,81.599998,6981200,7/1/2009,Jeff Bezos,1
Amazon,2009,79.160004,6245800,9/1/2009,Jeff Bezos,1
Amazon,2009,91.040001,6645100,10/1/2009,Jeff Bezos,1
Amazon,2009,138.5,9657600,12/1/2009,Jeff Bezos,1
Amazon,2010,118.870003,37774400,2/1/2010,Jeff Bezos,1
Amazon,2010,124.540001,13296500,3/1/2010,Jeff Bezos,1
Amazon,2010,131.809998,8785800,4/1/2010,Jeff Bezos,1
Amazon,2010,123.239998,3659500,6/1/2010,Jeff Bezos,1
Amazon,2010,110.959999,8529800,7/1/2010,Jeff Bezos,1
Amazon,2010,132.490005,7138300,9/1/2010,Jeff Bezos,1
Amazon,2010,153.710007,8683400,10/1/2010,Jeff Bezos,1
Amazon,2010,162.580002,5239900,11/1/2010,Jeff Bezos,1
Amazon,2010,176.550003,5770100,12/1/2010,Jeff Bezos,1
Amazon,2011,172.110001,5085900,2/1/2011,Jeff Bezos,1
Amazon,2011,169.440002,5847100,3/1/2011,Jeff Bezos,1
Amazon,2011,180.130005,5684100,4/1/2011,Jeff Bezos,1
Amazon,2011,192.399994,3445200,6/1/2011,Jeff Bezos,1
Amazon,2011,209.490005,4008700,7/1/2011,Jeff Bezos,1
Amazon,2011,221.320007,5789300,8/1/2011,Jeff Bezos,1
Amazon,2011,212.539993,5275300,9/1/2011,Jeff Bezos,1
Amazon,2011,212.100006,8511800,11/1/2011,Jeff Bezos,1
Amazon,2011,197.130005,7327700,12/1/2011,Jeff Bezos,1
Amazon,2012,179.460007,21336600,2/1/2012,Jeff Bezos,1
Amazon,2012,180.039993,4936000,3/1/2012,Jeff Bezos,1
Amazon,2012,230.039993,6754900,5/1/2012,Jeff Bezos,1
Amazon,2012,208.220001,3951500,6/1/2012,Jeff Bezos,1
Amazon,2012,232.089996,2543800,8/1/2012,Jeff Bezos,1
Amazon,2012,252.009995,2581200,10/1/2012,Jeff Bezos,1
Amazon,2012,232.139999,3905100,11/1/2012,Jeff Bezos,1
Amazon,2013,265,6115000,2/1/2013,Jeff Bezos,1
Amazon,2013,265.73999,2957000,3/1/2013,Jeff Bezos,1
Amazon,2013,261.609985,2524800,4/1/2013,Jeff Bezos,1
Amazon,2013,248.229996,4391400,5/1/2013,Jeff Bezos,1
Amazon,2013,282.100006,2888200,7/1/2013,Jeff Bezos,1
Amazon,2013,305.570007,2971700,8/1/2013,Jeff Bezos,1
Amazon,2013,320.950012,2396400,10/1/2013,Jeff Bezos,1
Amazon,2013,359,3331000,11/1/2013,Jeff Bezos,1
Amazon,2014,342.98999,3600100,4/1/2014,Jeff Bezos,1
Amazon,2014,307.890015,4328600,5/1/2014,Jeff Bezos,1
Amazon,2014,332.390015,3173600,7/1/2014,Jeff Bezos,1
Amazon,2014,307.059998,7441500,8/1/2014,Jeff Bezos,1
Amazon,2014,317.459991,3089100,10/1/2014,Jeff Bezos,1
Amazon,2014,326,4944900,12/1/2014,Jeff Bezos,1
Amazon,2015,370.26001,2458100,4/1/2015,Jeff Bezos,1
Amazon,2015,422.869995,3565800,5/1/2015,Jeff Bezos,1
Amazon,2015,430.920013,2253300,6/1/2015,Jeff Bezos,1
Amazon,2015,437.390015,1987100,7/1/2015,Jeff Bezos,1
Amazon,2015,496.540009,3864500,9/1/2015,Jeff Bezos,1
Amazon,2015,520.719971,3768500,10/1/2015,Jeff Bezos,1
Amazon,2015,679.059998,4751200,12/1/2015,Jeff Bezos,1
Amazon,2016,574.809998,6355100,2/1/2016,Jeff Bezos,1
Amazon,2016,579.039978,5038500,3/1/2016,Jeff Bezos,1
Amazon,2016,598.5,2917400,4/1/2016,Jeff Bezos,1
Amazon,2016,719.440002,3263100,6/1/2016,Jeff Bezos,1
Amazon,2016,725.679993,2920400,7/1/2016,Jeff Bezos,1
Amazon,2016,767.73999,3578200,8/1/2016,Jeff Bezos,1
Amazon,2016,770.619995,1792300,9/1/2016,Jeff Bezos,1
Amazon,2016,785.409973,5305400,11/1/2016,Jeff Bezos,1
Amazon,2016,743.650024,4666000,12/1/2016,Jeff Bezos,1
Amazon,2017,832.349976,3850200,2/1/2017,Jeff Bezos,1
Amazon,2017,853.080017,2760100,3/1/2017,Jeff Bezos,1
Amazon,2017,948.22998,5466500,5/1/2017,Jeff Bezos,1
Amazon,2017,995.950012,2454800,6/1/2017,Jeff Bezos,1
Amazon,2017,996.190002,4572600,8/1/2017,Jeff Bezos,1
Amazon,2017,978.25,2535900,9/1/2017,Jeff Bezos,1
Amazon,2017,1103.680054,3755500,11/1/2017,Jeff Bezos,1
Amazon,2017,1162.349976,4107100,12/1/2017,Jeff Bezos,1
Amazon,2018,1390,9113800,2/1/2018,Jeff Bezos,1
Amazon,2018,1493.449951,6835200,3/1/2018,Jeff Bezos,1
Amazon,2018,1582.26001,4572100,5/1/2018,Jeff Bezos,1
Amazon,2018,1641.540039,3313400,6/1/2018,Jeff Bezos,1
Amazon,2018,1797.170044,4153100,8/1/2018,Jeff Bezos,1
Amazon,2018,2004.359985,3460500,10/1/2018,Jeff Bezos,1
Amazon,2018,1665.530029,8135500,11/1/2018,Jeff Bezos,1
Amazon,2019,1626.22998,11506200,2/1/2019,Jeff Bezos,1
Amazon,2019,1671.72998,4974900,3/1/2019,Jeff Bezos,1
Amazon,2019,1814.189941,4238800,4/1/2019,Jeff Bezos,1
Amazon,2019,1911.52002,3117000,5/1/2019,Jeff Bezos,1
Amazon,2019,1922.189941,3203300,7/1/2019,Jeff Bezos,1
Amazon,2019,1855.319946,4713300,8/1/2019,Jeff Bezos,1
Amazon,2019,1735.650024,3084500,10/1/2019,Jeff Bezos,1
Amazon,2019,1791.439941,2790400,11/1/2019,Jeff Bezos,1
Amazon,2020,1907.699951,4121900,4/1/2020,Jeff Bezos,1
Amazon,2020,2286.040039,9772600,5/1/2020,Jeff Bezos,1
Amazon,2020,2471.040039,2928900,6/1/2020,Jeff Bezos,1
Amazon,2020,2878.699951,6363400,7/1/2020,Jeff Bezos,1
Apple,1981,0.108259,34070400,4/1/1981,Michael Scott,1
Apple,1981,0.108259,34070400,4/1/1981,Mike Markkula,1
Apple,1981,0.126674,16553600,5/1/1981,Michael Scott,1
Apple,1981,0.126674,16553600,5/1/1981,Mike Markkula,1
Apple,1981,0.147879,51251200,6/1/1981,Michael Scott,1
Apple,1981,0.147879,51251200,6/1/1981,Mike Markkula,1
Apple,1981,0.114955,170464000,7/1/1981,Michael Scott,1
Apple,1981,0.114955,170464000,7/1/1981,Mike Markkula,1
Apple,1981,0.095424,37027200,9/1/1981,Michael Scott,1
Apple,1981,0.095424,37027200,9/1/1981,Mike Markkula,1
Apple,1981,0.06808,61129600,10/1/1981,Michael Scott,1
Apple,1981,0.06808,61129600,10/1/1981,Mike Markkula,1
Apple,1981,0.083147,23385600,12/1/1981,Michael Scott,1
Apple,1981,0.083147,23385600,12/1/1981,Mike Markkula,1
Apple,1982,0.089844,38528000,2/1/1982,Mike Markkula,1
Apple,1982,0.082031,35302400,3/1/1982,Mike Markkula,1
Apple,1982,0.079241,59136000,4/1/1982,Mike Markkula,1
Apple,1982,0.061384,47600000,6/1/1982,Mike Markkula,1
Apple,1982,0.056362,55731200,7/1/1982,Mike Markkula,1
Apple,1982,0.078125,82566400,9/1/1982,Mike Markkula,1
Apple,1982,0.082589,46256000,10/1/1982,Mike Markkula,1
Apple,1982,0.11942,104361600,11/1/1982,Mike Markkula,1
Apple,1982,0.145089,206841600,12/1/1982,Mike Markkula,1
Apple,1983,0.186384,210963200,2/1/1983,Mike Markkula,1
Apple,1983,0.186384,210963200,2/1/1983,John Sculley,1
Apple,1983,0.207031,140268800,3/1/1983,Mike Markkula,1
Apple,1983,0.207031,140268800,3/1/1983,John Sculley,1
Apple,1983,0.259487,98089600,6/1/1983,Mike Markkula,1
Apple,1983,0.259487,98089600,6/1/1983,John Sculley,1
Apple,1983,0.219866,172256000,7/1/1983,Mike Markkula,1
Apple,1983,0.219866,172256000,7/1/1983,John Sculley,1
Apple,1983,0.154018,232444800,8/1/1983,Mike Markkula,1
Apple,1983,0.154018,232444800,8/1/1983,John Sculley,1
Apple,1983,0.162388,218131200,9/1/1983,Mike Markkula,1
Apple,1983,0.162388,218131200,9/1/1983,John Sculley,1
Apple,1983,0.102679,328384000,11/1/1983,Mike Markkula,1
Apple,1983,0.102679,328384000,11/1/1983,John Sculley,1
Apple,1983,0.090402,76675200,12/1/1983,Mike Markkula,1
Apple,1983,0.090402,76675200,12/1/1983,John Sculley,1
Apple,1984,0.109933,163116800,2/1/1984,John Sculley,1
Apple,1984,0.120536,132361600,3/1/1984,John Sculley,1
Apple,1984,0.148438,406515200,5/1/1984,John Sculley,1
Apple,1984,0.135603,242300800,6/1/1984,John Sculley,1
Apple,1984,0.111607,285734400,8/1/1984,John Sculley,1
Apple,1984,0.109375,97776000,10/1/1984,John Sculley,1
Apple,1984,0.111607,47040000,11/1/1984,John Sculley,1
Apple,1985,0.12779,137737600,2/1/1985,John Sculley,1
Apple,1985,0.111049,247430400,3/1/1985,John Sculley,1
Apple,1985,0.09654,114060800,4/1/1985,John Sculley,1
Apple,1985,0.093192,57344000,5/1/1985,John Sculley,1
Apple,1985,0.080915,103443200,7/1/1985,John Sculley,1
Apple,1985,0.070871,51564800,8/1/1985,John Sculley,1
Apple,1985,0.070313,88345600,10/1/1985,John Sculley,1
Apple,1985,0.083147,92556800,11/1/1985,John Sculley,1
Apple,1986,0.121652,222723200,4/1/1986,John Sculley,1
Apple,1986,0.135045,257936000,5/1/1986,John Sculley,1
Apple,1986,0.157924,87718400,7/1/1986,John Sculley,1
Apple,1986,0.140067,150080000,8/1/1986,John Sculley,1
Apple,1986,0.152344,138588800,10/1/1986,John Sculley,1
Apple,1986,0.179129,347200000,12/1/1986,John Sculley,1
Apple,1987,0.297991,217862400,4/1/1987,John Sculley,1
Apple,1987,0.357143,132720000,5/1/1987,John Sculley,1
Apple,1987,0.347098,83305600,6/1/1987,John Sculley,1
Apple,1987,0.357143,94830400,7/1/1987,John Sculley,1
Apple,1987,0.46875,138880000,9/1/1987,John Sculley,1
Apple,1987,0.520089,116480000,10/1/1987,John Sculley,1
Apple,1987,0.296875,181440000,12/1/1987,John Sculley,1
Apple,1988,0.372768,199360000,2/1/1988,John Sculley,1
Apple,1988,0.386161,171360000,3/1/1988,John Sculley,1
Apple,1988,0.379464,229600000,6/1/1988,John Sculley,1
Apple,1988,0.415179,94539200,7/1/1988,John Sculley,1
Apple,1988,0.401786,85937600,8/1/1988,John Sculley,1
Apple,1988,0.347098,246736000,9/1/1988,John Sculley,1
Apple,1988,0.339286,143696000,11/1/1988,John Sculley,1
Apple,1988,0.345982,212161600,12/1/1988,John Sculley,1
Apple,1989,0.350446,487558400,2/1/1989,John Sculley,1
Apple,1989,0.321429,170128000,3/1/1989,John Sculley,1
Apple,1989,0.348214,80662400,5/1/1989,John Sculley,1
Apple,1989,0.435268,179502400,6/1/1989,John Sculley,1
Apple,1989,0.356027,139540800,8/1/1989,John Sculley,1
Apple,1989,0.398438,74121600,9/1/1989,John Sculley,1
Apple,1989,0.41183,61185600,11/1/1989,John Sculley,1
Apple,1989,0.392857,146227200,12/1/1989,John Sculley,1
Apple,1990,0.300223,117073600,2/1/1990,John Sculley,1
Apple,1990,0.305804,203896000,3/1/1990,John Sculley,1
Apple,1990,0.353795,163609600,5/1/1990,John Sculley,1
Apple,1990,0.363839,157236800,6/1/1990,John Sculley,1
Apple,1990,0.378348,93508800,8/1/1990,John Sculley,1
Apple,1990,0.272321,155657600,10/1/1990,John Sculley,1
Apple,1990,0.272321,90652800,11/1/1990,John Sculley,1
Apple,1991,0.497768,444550400,2/1/1991,John Sculley,1
Apple,1991,0.515625,126134400,3/1/1991,John Sculley,1
Apple,1991,0.611607,117924800,4/1/1991,John Sculley,1
Apple,1991,0.421875,1868372800,5/1/1991,John Sculley,1
Apple,1991,0.379464,194824000,7/1/1991,John Sculley,1
Apple,1991,0.438616,448425600,8/1/1991,John Sculley,1
Apple,1991,0.453125,131376000,10/1/1991,John Sculley,1
Apple,1991,0.455357,201264000,11/1/1991,John Sculley,1
Apple,1992,0.526786,159656000,4/1/1992,John Sculley,1
Apple,1992,0.529018,134377600,5/1/1992,John Sculley,1
Apple,1992,0.513393,248046400,6/1/1992,John Sculley,1
Apple,1992,0.4375,143528000,7/1/1992,John Sculley,1
Apple,1992,0.415179,60289600,9/1/1992,John Sculley,1
Apple,1992,0.395089,122729600,10/1/1992,John Sculley,1
Apple,1992,0.520089,130144000,12/1/1992,John Sculley,1
Apple,1993,0.546875,240553600,2/1/1993,John Sculley,1
Apple,1993,0.546875,240553600,2/1/1993,Michael Spindler,1
Apple,1993,0.475446,119302400,3/1/1993,John Sculley,1
Apple,1993,0.475446,119302400,3/1/1993,Michael Spindler,1
Apple,1993,0.462054,108203200,4/1/1993,John Sculley,1
Apple,1993,0.462054,108203200,4/1/1993,Michael Spindler,1
Apple,1993,0.508929,135072000,6/1/1993,John Sculley,1
Apple,1993,0.508929,135072000,6/1/1993,Michael Spindler,1
Apple,1993,0.339286,218164800,7/1/1993,John Sculley,1
Apple,1993,0.339286,218164800,7/1/1993,Michael Spindler,1
Apple,1993,0.233259,225568000,9/1/1993,John Sculley,1
Apple,1993,0.233259,225568000,9/1/1993,Michael Spindler,1
Apple,1993,0.203125,335988800,10/1/1993,John Sculley,1
Apple,1993,0.203125,335988800,10/1/1993,Michael Spindler,1
Apple,1993,0.28125,105974400,11/1/1993,John Sculley,1
Apple,1993,0.28125,105974400,11/1/1993,Michael Spindler,1
Apple,1993,0.28125,111216000,12/1/1993,John Sculley,1
Apple,1993,0.28125,111216000,12/1/1993,Michael Spindler,1
Apple,1994,0.296875,156721600,2/1/1994,Michael Spindler,1
Apple,1994,0.323661,211870400,3/1/1994,Michael Spindler,1
Apple,1994,0.252232,385761600,6/1/1994,Michael Spindler,1
Apple,1994,0.229911,179278400,7/1/1994,Michael Spindler,1
Apple,1994,0.297991,229275200,8/1/1994,Michael Spindler,1
Apple,1994,0.3125,204288000,9/1/1994,Michael Spindler,1
Apple,1994,0.385045,218097600,11/1/1994,Michael Spindler,1
Apple,1994,0.323103,309321600,12/1/1994,Michael Spindler,1
Apple,1995,0.358259,158368000,2/1/1995,Michael Spindler,1
Apple,1995,0.357143,224448000,3/1/1995,Michael Spindler,1
Apple,1995,0.341518,177956800,5/1/1995,Michael Spindler,1
Apple,1995,0.376674,186726400,6/1/1995,Michael Spindler,1
Apple,1995,0.388393,210918400,8/1/1995,Michael Spindler,1
Apple,1995,0.383371,98380800,9/1/1995,Michael Spindler,1
Apple,1995,0.327009,193233600,11/1/1995,Michael Spindler,1
Apple,1995,0.335938,204209600,12/1/1995,Michael Spindler,1
Apple,1996,0.253348,333043200,2/1/1996,Michael Spindler,1
Apple,1996,0.253348,333043200,2/1/1996,Gilbert Frank Amelio,1
Apple,1996,0.239955,231134400,3/1/1996,Michael Spindler,1
Apple,1996,0.239955,231134400,3/1/1996,Gilbert Frank Amelio,1
Apple,1996,0.227679,158636800,4/1/1996,Michael Spindler,1
Apple,1996,0.227679,158636800,4/1/1996,Gilbert Frank Amelio,1
Apple,1996,0.217634,112705600,5/1/1996,Michael Spindler,1
Apple,1996,0.217634,112705600,5/1/1996,Gilbert Frank Amelio,1
Apple,1996,0.191964,131980800,7/1/1996,Michael Spindler,1
Apple,1996,0.191964,131980800,7/1/1996,Gilbert Frank Amelio,1
Apple,1996,0.189732,110163200,8/1/1996,Michael Spindler,1
Apple,1996,0.189732,110163200,8/1/1996,Gilbert Frank Amelio,1
Apple,1996,0.219866,539246400,10/1/1996,Michael Spindler,1
Apple,1996,0.219866,539246400,10/1/1996,Gilbert Frank Amelio,1
Apple,1996,0.216518,211332800,11/1/1996,Michael Spindler,1
Apple,1996,0.216518,211332800,11/1/1996,Gilbert Frank Amelio,1
Apple,1997,0.15625,220259200,4/1/1997,Gilbert Frank Amelio,1
Apple,1997,0.15625,220259200,4/1/1997,Steve Jobs,1
Apple,1997,0.151786,72340800,5/1/1997,Gilbert Frank Amelio,1
Apple,1997,0.151786,72340800,5/1/1997,Steve Jobs,1
Apple,1997,0.117746,450676800,7/1/1997,Gilbert Frank Amelio,1
Apple,1997,0.117746,450676800,7/1/1997,Steve Jobs,1
Apple,1997,0.171317,481913600,8/1/1997,Gilbert Frank Amelio,1
Apple,1997,0.171317,481913600,8/1/1997,Steve Jobs,1
Apple,1997,0.192243,130468800,10/1/1997,Gilbert Frank Amelio,1
Apple,1997,0.192243,130468800,10/1/1997,Steve Jobs,1
Apple,1997,0.158482,87236800,12/1/1997,Gilbert Frank Amelio,1
Apple,1997,0.158482,87236800,12/1/1997,Steve Jobs,1
Apple,1998,0.245536,186883200,4/1/1998,Steve Jobs,1
Apple,1998,0.25,184072000,5/1/1998,Steve Jobs,1
Apple,1998,0.234375,319692800,6/1/1998,Steve Jobs,1
Apple,1998,0.267299,314115200,7/1/1998,Steve Jobs,1
Apple,1998,0.304688,869075200,9/1/1998,Steve Jobs,1
Apple,1998,0.318638,370216000,10/1/1998,Steve Jobs,1
Apple,1998,0.304688,865737600,12/1/1998,Steve Jobs,1
Apple,1999,0.365513,278913600,2/1/1999,Steve Jobs,1
Apple,1999,0.301339,487827200,3/1/1999,Steve Jobs,1
Apple,1999,0.321987,262057600,4/1/1999,Steve Jobs,1
Apple,1999,0.400112,461025600,6/1/1999,Steve Jobs,1
Apple,1999,0.404576,149217600,7/1/1999,Steve Jobs,1
Apple,1999,0.612723,788625600,9/1/1999,Steve Jobs,1
Apple,1999,0.55106,614790400,10/1/1999,Steve Jobs,1
Apple,1999,0.69308,278577600,11/1/1999,Steve Jobs,1
Apple,1999,0.920201,618564800,12/1/1999,Steve Jobs,1
Apple,2000,0.895089,318035200,2/1/2000,Steve Jobs,1
Apple,2000,1.163504,1077003200,3/1/2000,Steve Jobs,1
Apple,2000,1.109933,226195200,5/1/2000,Steve Jobs,1
Apple,2000,0.795759,903840000,6/1/2000,Steve Jobs,1
Apple,2000,0.88058,137284000,8/1/2000,Steve Jobs,1
Apple,2000,1.132813,256872000,9/1/2000,Steve Jobs,1
Apple,2000,0.366071,575366400,11/1/2000,Steve Jobs,1
Apple,2000,0.304688,385705600,12/1/2000,Steve Jobs,1
Apple,2001,0.377232,369695200,2/1/2001,Steve Jobs,1
Apple,2001,0.334821,330461600,3/1/2001,Steve Jobs,1
Apple,2001,0.463036,427252000,5/1/2001,Steve Jobs,1
Apple,2001,0.373036,456075200,6/1/2001,Steve Jobs,1
Apple,2001,0.340357,304136000,8/1/2001,Steve Jobs,1
Apple,2001,0.2775,208208000,10/1/2001,Steve Jobs,1
Apple,2001,0.331964,312995200,11/1/2001,Steve Jobs,1
Apple,2002,0.435893,398305600,2/1/2002,Steve Jobs,1
Apple,2002,0.41875,348992000,3/1/2002,Steve Jobs,1
Apple,2002,0.436786,199046400,4/1/2002,Steve Jobs,1
Apple,2002,0.428214,214704000,5/1/2002,Steve Jobs,1
Apple,2002,0.304643,222689600,7/1/2002,Steve Jobs,1
Apple,2002,0.264286,228956000,8/1/2002,Steve Jobs,1
Apple,2002,0.259107,342423200,10/1/2002,Steve Jobs,1
Apple,2002,0.292143,189828800,11/1/2002,Steve Jobs,1
Apple,2003,0.252857,154341600,4/1/2003,Steve Jobs,1
Apple,2003,0.256429,342759200,5/1/2003,Steve Jobs,1
Apple,2003,0.340893,180992000,7/1/2003,Steve Jobs,1
Apple,2003,0.370179,149604000,8/1/2003,Steve Jobs,1
Apple,2003,0.37125,236112800,10/1/2003,Steve Jobs,1
Apple,2003,0.387679,361536000,12/1/2003,Steve Jobs,1
Apple,2004,0.428929,321680800,3/1/2004,Steve Jobs,1
Apple,2004,0.484107,318332000,4/1/2004,Steve Jobs,1
Apple,2004,0.501071,182134400,6/1/2004,Steve Jobs,1
Apple,2004,0.576786,341941600,7/1/2004,Steve Jobs,1
Apple,2004,0.640357,515726400,9/1/2004,Steve Jobs,1
Apple,2004,0.690536,465404800,10/1/2004,Steve Jobs,1
Apple,2004,0.936607,602050400,11/1/2004,Steve Jobs,1
Apple,2004,1.210536,800553600,12/1/2004,Steve Jobs,1
Apple,2005,1.384464,678395200,2/1/2005,Steve Jobs,1
Apple,2005,1.589286,468188000,3/1/2005,Steve Jobs,1
Apple,2005,1.460357,641284000,4/1/2005,Steve Jobs,1
Apple,2005,1.439286,453812800,6/1/2005,Steve Jobs,1
Apple,2005,1.303571,250000800,7/1/2005,Steve Jobs,1
Apple,2005,1.526786,314249600,8/1/2005,Steve Jobs,1
Apple,2005,1.652143,356367200,9/1/2005,Steve Jobs,1
Apple,2005,2.053571,749686000,11/1/2005,Steve Jobs,1
Apple,2005,2.557143,812893200,12/1/2005,Steve Jobs,1
Apple,2006,2.693571,521186400,2/1/2006,Steve Jobs,1
Apple,2006,2.467857,763817600,3/1/2006,Steve Jobs,1
Apple,2006,2.485714,750380400,5/1/2006,Steve Jobs,1
Apple,2006,2.220357,942508000,6/1/2006,Steve Jobs,1
Apple,2006,2.399286,711765600,8/1/2006,Steve Jobs,1
Apple,2006,2.442143,408494800,9/1/2006,Steve Jobs,1
Apple,2006,2.827143,611192400,11/1/2006,Steve Jobs,1
Apple,2006,3.261429,795079600,12/1/2006,Steve Jobs,1
Apple,2007,3.026428,664342000,2/1/2007,Steve Jobs,1
Apple,2007,3.109286,1415528800,3/1/2007,Steve Jobs,1
Apple,2007,3.5525,532523600,5/1/2007,Steve Jobs,1
Apple,2007,4.228571,885262000,6/1/2007,Steve Jobs,1
Apple,2007,4.821429,1750156800,8/1/2007,Steve Jobs,1
Apple,2007,5.583571,837068400,10/1/2007,Steve Jobs,1
Apple,2007,6.694286,805036400,11/1/2007,Steve Jobs,1
Apple,2008,4.776786,1010744000,2/1/2008,Steve Jobs,1
Apple,2008,5.340357,1032567200,4/1/2008,Steve Jobs,1
Apple,2008,6.428571,903576800,5/1/2008,Steve Jobs,1
Apple,2008,6.238572,1111280800,7/1/2008,Steve Jobs,1
Apple,2008,5.595,544639200,8/1/2008,Steve Jobs,1
Apple,2008,3.897143,1296484000,10/1/2008,Steve Jobs,1
Apple,2008,3.176071,923767600,12/1/2008,Steve Jobs,1
Apple,2009,3.881786,589372000,4/1/2009,Steve Jobs,1
Apple,2009,4.544286,397516000,5/1/2009,Steve Jobs,1
Apple,2009,4.976786,452499600,6/1/2009,Steve Jobs,1
Apple,2009,5.101071,414178800,7/1/2009,Steve Jobs,1
Apple,2009,5.903572,469028000,9/1/2009,Steve Jobs,1
Apple,2009,6.459286,524711600,10/1/2009,Steve Jobs,1
Apple,2009,7.034643,465763200,12/1/2009,Steve Jobs,1
Apple,2010,6.954643,749876400,2/1/2010,Steve Jobs,1
Apple,2010,7.463929,550093600,3/1/2010,Steve Jobs,1
Apple,2010,8.4275,603145200,4/1/2010,Steve Jobs,1
Apple,2010,9.315357,876472800,6/1/2010,Steve Jobs,1
Apple,2010,8.874286,1022896000,7/1/2010,Steve Jobs,1
Apple,2010,8.940357,697037600,9/1/2010,Steve Jobs,1
Apple,2010,10.09,448142800,10/1/2010,Steve Jobs,1
Apple,2010,10.863571,423889200,11/1/2010,Steve Jobs,1
Apple,2010,11.3,461750800,12/1/2010,Steve Jobs,1
Apple,2011,12.3225,426633200,2/1/2011,Steve Jobs,1
Apple,2011,12.3225,426633200,2/1/2011,Tim Cook,1
Apple,2011,12.475357,456136800,3/1/2011,Steve Jobs,1
Apple,2011,12.475357,456136800,3/1/2011,Tim Cook,1
Apple,2011,12.305715,418661600,4/1/2011,Steve Jobs,1
Apple,2011,12.305715,418661600,4/1/2011,Tim Cook,1
Apple,2011,12.339643,554682800,6/1/2011,Steve Jobs,1
Apple,2011,12.339643,554682800,6/1/2011,Tim Cook,1
Apple,2011,12.259286,435313200,7/1/2011,Steve Jobs,1
Apple,2011,12.259286,435313200,7/1/2011,Tim Cook,1
Apple,2011,14.169642,612836000,8/1/2011,Steve Jobs,1
Apple,2011,14.169642,612836000,8/1/2011,Tim Cook,1
Apple,2011,13.608214,343725200,9/1/2011,Steve Jobs,1
Apple,2011,13.608214,343725200,9/1/2011,Tim Cook,1
Apple,2011,14.161072,531790000,11/1/2011,Steve Jobs,1
Apple,2011,14.161072,531790000,11/1/2011,Tim Cook,1
Apple,2011,13.854643,387181200,12/1/2011,Steve Jobs,1
Apple,2011,13.854643,387181200,12/1/2011,Tim Cook,1
Apple,2012,16.2925,270046000,2/1/2012,Tim Cook,1
Apple,2012,19.445356,683270000,3/1/2012,Tim Cook,1
Apple,2012,20.790358,610999200,5/1/2012,Tim Cook,1
Apple,2012,20.035357,520987600,6/1/2012,Tim Cook,1
Apple,2012,21.671785,384501600,8/1/2012,Tim Cook,1
Apple,2012,23.549643,543594800,10/1/2012,Tim Cook,1
Apple,2012,21.305,361298000,11/1/2012,Tim Cook,1
Apple,2013,16.200714,539484400,2/1/2013,Tim Cook,1
Apple,2013,15.373929,552448400,3/1/2013,Tim Cook,1
Apple,2013,15.318214,389732000,4/1/2013,Tim Cook,1
Apple,2013,15.688929,506909200,5/1/2013,Tim Cook,1
Apple,2013,14.615,391053600,7/1/2013,Tim Cook,1
Apple,2013,16.309999,206250800,8/1/2013,Tim Cook,1
Apple,2013,17.427143,353883600,10/1/2013,Tim Cook,1
Apple,2013,18.5725,274890000,11/1/2013,Tim Cook,1
Apple,2014,19.344643,200760000,4/1/2014,Tim Cook,1
Apple,2014,21.124287,244048000,5/1/2014,Tim Cook,1
Apple,2014,23.379999,152892000,7/1/2014,Tim Cook,1
Apple,2014,24.032499,194044000,8/1/2014,Tim Cook,1
Apple,2014,24.795,205965200,10/1/2014,Tim Cook,1
Apple,2014,28.7675,335256000,12/1/2014,Tim Cook,1
Apple,2015,31.0625,162485600,4/1/2015,Tim Cook,1
Apple,2015,32.237499,234050400,5/1/2015,Tim Cook,1
Apple,2015,32.634998,128451200,6/1/2015,Tim Cook,1
Apple,2015,31.65,120955200,7/1/2015,Tim Cook,1
Apple,2015,26.93,307383600,9/1/2015,Tim Cook,1
Apple,2015,27.395,255716400,10/1/2015,Tim Cook,1
Apple,2015,29.334999,139409600,12/1/2015,Tim Cook,1
Apple,2016,24.1075,163774000,2/1/2016,Tim Cook,1
Apple,2016,25.1325,201628400,3/1/2016,Tim Cook,1
Apple,2016,27.497499,103496000,4/1/2016,Tim Cook,1
Apple,2016,24.615,116693200,6/1/2016,Tim Cook,1
Apple,2016,23.9725,104106000,7/1/2016,Tim Cook,1
Apple,2016,26.512501,152671600,8/1/2016,Tim Cook,1
Apple,2016,26.682501,106806000,9/1/2016,Tim Cook,1
Apple,2016,27.872499,175303200,11/1/2016,Tim Cook,1
Apple,2016,27.372499,148347600,12/1/2016,Tim Cook,1
Apple,2017,32.1875,447940000,2/1/2017,Tim Cook,1
Apple,2017,34.947498,145658400,3/1/2017,Tim Cook,1
Apple,2017,36.645,134411600,5/1/2017,Tim Cook,1
Apple,2017,38.294998,65616400,6/1/2017,Tim Cook,1
Apple,2017,37.512501,141474400,8/1/2017,Tim Cook,1
Apple,2017,41.012501,66364400,9/1/2017,Tim Cook,1
Apple,2017,41.7225,134551200,11/1/2017,Tim Cook,1
Apple,2017,42.762501,159037200,12/1/2017,Tim Cook,1
Apple,2018,41.945,188923200,2/1/2018,Tim Cook,1
Apple,2018,43.75,195208000,3/1/2018,Tim Cook,1
Apple,2018,42.275002,214277600,5/1/2018,Tim Cook,1
Apple,2018,47.560001,93770000,6/1/2018,Tim Cook,1
Apple,2018,50.375,271742800,8/1/2018,Tim Cook,1
Apple,2018,56.814999,94403200,10/1/2018,Tim Cook,1
Apple,2018,55.555,233292800,11/1/2018,Tim Cook,1
Apple,2019,41.630001,130672400,2/1/2019,Tim Cook,1
Apple,2019,43.7425,103544800,3/1/2019,Tim Cook,1
Apple,2019,47.810001,111448000,4/1/2019,Tim Cook,1
Apple,2019,52.630001,259309200,5/1/2019,Tim Cook,1
Apple,2019,50.387501,109012000,7/1/2019,Tim Cook,1
Apple,2019,52.107498,216071600,8/1/2019,Tim Cook,1
Apple,2019,56.147499,139223200,10/1/2019,Tim Cook,1
Apple,2019,63.955002,151125200,11/1/2019,Tim Cook,1
Apple,2020,60.227501,176218400,4/1/2020,Tim Cook,1
Apple,2020,72.267502,240616800,5/1/2020,Tim Cook,1
Apple,2020,80.462502,80791200,6/1/2020,Tim Cook,1
Apple,2020,91.027496,110737200,7/1/2020,Tim Cook,1
Apple,2020,134.179993,151948100,9/1/2020,Tim Cook,1
Facebook,2012,27.719999,41855500,6/1/2012,Mark Zuckerberg,1
Facebook,2012,20.879999,44604400,8/1/2012,Mark Zuckerberg,1
Facebook,2012,21.99,51262700,10/1/2012,Mark Zuckerberg,1
Facebook,2012,21.209999,37713900,11/1/2012,Mark Zuckerberg,1
Facebook,2013,29.73,85856700,2/1/2013,Mark Zuckerberg,1
Facebook,2013,27.780001,54064800,3/1/2013,Mark Zuckerberg,1
Facebook,2013,25.530001,22249300,4/1/2013,Mark Zuckerberg,1
Facebook,2013,27.43,64567600,5/1/2013,Mark Zuckerberg,1
Facebook,2013,24.809999,20582200,7/1/2013,Mark Zuckerberg,1
Facebook,2013,37.490002,106066500,8/1/2013,Mark Zuckerberg,1
Facebook,2013,50.419998,98114000,10/1/2013,Mark Zuckerberg,1
Facebook,2013,49.75,95033000,11/1/2013,Mark Zuckerberg,1
Facebook,2014,62.619999,59291000,4/1/2014,Mark Zuckerberg,1
Facebook,2014,61.150002,82429000,5/1/2014,Mark Zuckerberg,1
Facebook,2014,68.059998,33243000,7/1/2014,Mark Zuckerberg,1
Facebook,2014,72.360001,43535000,8/1/2014,Mark Zuckerberg,1
Facebook,2014,76.550003,55090000,10/1/2014,Mark Zuckerberg,1
Facebook,2014,75.099998,31789900,12/1/2014,Mark Zuckerberg,1
Facebook,2015,81.669998,22058200,4/1/2015,Mark Zuckerberg,1
Facebook,2015,78.989998,24136400,5/1/2015,Mark Zuckerberg,1
Facebook,2015,80.290001,18119000,6/1/2015,Mark Zuckerberg,1
Facebook,2015,86.910004,25260000,7/1/2015,Mark Zuckerberg,1
Facebook,2015,87.230003,36097400,9/1/2015,Mark Zuckerberg,1
Facebook,2015,90.949997,29283700,10/1/2015,Mark Zuckerberg,1
Facebook,2015,107.120003,22781900,12/1/2015,Mark Zuckerberg,1
Facebook,2016,115.089996,46132700,2/1/2016,Mark Zuckerberg,1
Facebook,2016,109.82,26817300,3/1/2016,Mark Zuckerberg,1
Facebook,2016,116.059998,24760500,4/1/2016,Mark Zuckerberg,1
Facebook,2016,118.779999,15029500,6/1/2016,Mark Zuckerberg,1
Facebook,2016,114.190002,14980000,7/1/2016,Mark Zuckerberg,1
Facebook,2016,124.309998,25006900,8/1/2016,Mark Zuckerberg,1
Facebook,2016,126.169998,13536100,9/1/2016,Mark Zuckerberg,1
Facebook,2016,129.5,22077800,11/1/2016,Mark Zuckerberg,1
Facebook,2016,115.099998,43277000,12/1/2016,Mark Zuckerberg,1
Facebook,2017,133.229996,50139800,2/1/2017,Mark Zuckerberg,1
Facebook,2017,137.419998,16257000,3/1/2017,Mark Zuckerberg,1
Facebook,2017,152.460007,25218300,5/1/2017,Mark Zuckerberg,1
Facebook,2017,151.529999,14530600,6/1/2017,Mark Zuckerberg,1
Facebook,2017,169.860001,14385000,8/1/2017,Mark Zuckerberg,1
Facebook,2017,172.020004,11677600,9/1/2017,Mark Zuckerberg,1
Facebook,2017,182.660004,40918300,11/1/2017,Mark Zuckerberg,1
Facebook,2017,175.100006,20182500,12/1/2017,Mark Zuckerberg,1
Facebook,2018,193.089996,54211300,2/1/2018,Mark Zuckerberg,1
Facebook,2018,175.940002,23201600,3/1/2018,Mark Zuckerberg,1
Facebook,2018,173.860001,26025900,5/1/2018,Mark Zuckerberg,1
Facebook,2018,193.990005,17307200,6/1/2018,Mark Zuckerberg,1
Facebook,2018,171.649994,34042100,8/1/2018,Mark Zuckerberg,1
Facebook,2018,162.440002,26407700,10/1/2018,Mark Zuckerberg,1
Facebook,2018,151.75,25640800,11/1/2018,Mark Zuckerberg,1
Facebook,2019,165.710007,30806500,2/1/2019,Mark Zuckerberg,1
Facebook,2019,162.279999,11097800,3/1/2019,Mark Zuckerberg,1
Facebook,2019,168.699997,10381500,4/1/2019,Mark Zuckerberg,1
Facebook,2019,193.029999,15996600,5/1/2019,Mark Zuckerberg,1
Facebook,2019,193,14204700,7/1/2019,Mark Zuckerberg,1
Facebook,2019,192.729996,17777000,8/1/2019,Mark Zuckerberg,1
Facebook,2019,175.809998,17073000,10/1/2019,Mark Zuckerberg,1
Facebook,2019,193.619995,21711800,11/1/2019,Mark Zuckerberg,1
Facebook,2020,159.600006,19507600,4/1/2020,Mark Zuckerberg,1
Facebook,2020,202.270004,30415600,5/1/2020,Mark Zuckerberg,1
Facebook,2020,231.910004,18223800,6/1/2020,Mark Zuckerberg,1
Facebook,2020,237.550003,43399700,7/1/2020,Mark Zuckerberg,1
Google,2004,50.175175,9138200,9/1/2004,Eric Schmidt,1
Google,2004,66.356354,15124800,10/1/2004,Eric Schmidt,1
Google,2004,98.113113,24425300,11/1/2004,Eric Schmidt,1
Google,2004,90.070068,15712400,12/1/2004,Eric Schmidt,1
Google,2005,96.046043,37640300,2/1/2005,Eric Schmidt,1
Google,2005,93.123123,18603700,3/1/2005,Eric Schmidt,1
Google,2005,90.110107,12351600,4/1/2005,Eric Schmidt,1
Google,2005,144.14415,70313000,6/1/2005,Eric Schmidt,1
Google,2005,145.770767,18436700,7/1/2005,Eric Schmidt,1
Google,2005,145.950958,11313400,8/1/2005,Eric Schmidt,1
Google,2005,143.268265,5478700,9/1/2005,Eric Schmidt,1
Google,2005,189.879883,32679400,11/1/2005,Eric Schmidt,1
Google,2005,207.252258,19470300,12/1/2005,Eric Schmidt,1
Google,2006,201.091095,54190700,2/1/2006,Eric Schmidt,1
Google,2006,182.582581,24098200,3/1/2006,Eric Schmidt,1
Google,2006,199.649643,20701600,5/1/2006,Eric Schmidt,1
Google,2006,191.501495,12543400,6/1/2006,Eric Schmidt,1
Google,2006,187.942947,10915400,8/1/2006,Eric Schmidt,1
Google,2006,189.489487,5340400,9/1/2006,Eric Schmidt,1
Google,2006,233.983978,10841700,11/1/2006,Eric Schmidt,1
Google,2006,240.64064,11251500,12/1/2006,Eric Schmidt,1
Google,2007,241.116119,31286000,2/1/2007,Eric Schmidt,1
Google,2007,224.33934,17353000,3/1/2007,Eric Schmidt,1
Google,2007,234.734741,7309000,5/1/2007,Eric Schmidt,1
Google,2007,250.450455,9588400,6/1/2007,Eric Schmidt,1
Google,2007,256.726715,8847500,8/1/2007,Eric Schmidt,1
Google,2007,291.566559,9413100,10/1/2007,Eric Schmidt,1
Google,2007,351.95697,13041300,11/1/2007,Eric Schmidt,1
Google,2008,258.208221,35165700,2/1/2008,Eric Schmidt,1
Google,2008,233.088089,12174000,4/1/2008,Eric Schmidt,1
Google,2008,296.836823,13192300,5/1/2008,Eric Schmidt,1
Google,2008,267.632629,9909800,7/1/2008,Eric Schmidt,1
Google,2008,234.164169,6009700,8/1/2008,Eric Schmidt,1
Google,2008,206.066071,12457100,10/1/2008,Eric Schmidt,1
Google,2008,133.128128,11410900,12/1/2008,Eric Schmidt,1
Google,2009,177.222229,6595700,4/1/2009,Eric Schmidt,1
Google,2009,197.042038,4850500,5/1/2009,Eric Schmidt,1
Google,2009,213.4935,6638100,6/1/2009,Eric Schmidt,1
Google,2009,209.704712,4616900,7/1/2009,Eric Schmidt,1
Google,2009,228.108109,5184600,9/1/2009,Eric Schmidt,1
Google,2009,243.843842,5620700,10/1/2009,Eric Schmidt,1
Google,2009,295.230225,4635900,12/1/2009,Eric Schmidt,1
Google,2010,266.776764,4497000,2/1/2010,Eric Schmidt,1
Google,2010,266.611603,4471300,3/1/2010,Eric Schmidt,1
Google,2010,284.684692,4201100,4/1/2010,Eric Schmidt,1
Google,2010,241.426422,5328200,6/1/2010,Eric Schmidt,1
Google,2010,219.964966,7020100,7/1/2010,Eric Schmidt,1
Google,2010,230.395401,6450100,9/1/2010,Eric Schmidt,1
Google,2010,263.073059,4445500,10/1/2010,Eric Schmidt,1
Google,2010,307.8078,6168000,11/1/2010,Eric Schmidt,1
Google,2010,282.457458,7500600,12/1/2010,Eric Schmidt,1
Google,2011,305.825836,5485100,2/1/2011,Eric Schmidt,1
Google,2011,305.825836,5485100,2/1/2011,Larry Page,1
Google,2011,300.680695,6639700,3/1/2011,Eric Schmidt,1
Google,2011,300.680695,6639700,3/1/2011,Larry Page,1
Google,2011,296.196198,5221100,4/1/2011,Eric Schmidt,1
Google,2011,296.196198,5221100,4/1/2011,Larry Page,1
Google,2011,263.063049,5905800,6/1/2011,Eric Schmidt,1
Google,2011,263.063049,5905800,6/1/2011,Larry Page,1
Google,2011,260.775787,7266100,7/1/2011,Eric Schmidt,1
Google,2011,260.775787,7266100,7/1/2011,Larry Page,1
Google,2011,303.68869,7924200,8/1/2011,Eric Schmidt,1
Google,2011,303.68869,7924200,8/1/2011,Larry Page,1
Google,2011,266.51651,4826100,9/1/2011,Eric Schmidt,1
Google,2011,266.51651,4826100,9/1/2011,Larry Page,1
Google,2011,289.614624,6243900,11/1/2011,Eric Schmidt,1
Google,2011,289.614624,6243900,11/1/2011,Larry Page,1
Google,2011,307.1922,7233900,12/1/2011,Eric Schmidt,1
Google,2011,307.1922,7233900,12/1/2011,Larry Page,1
Google,2012,290.705719,4636700,2/1/2012,Larry Page,1
Google,2012,311.511505,4470900,3/1/2012,Larry Page,1
Google,2012,302.517517,4000500,5/1/2012,Larry Page,1
Google,2012,285.775787,6109600,6/1/2012,Larry Page,1
Google,2012,316.656647,3685500,8/1/2012,Larry Page,1
Google,2012,381.271271,6329600,10/1/2012,Larry Page,1
Google,2012,344.13913,4096000,11/1/2012,Larry Page,1
Google,2013,388.188202,7484700,2/1/2013,Larry Page,1
Google,2013,403.498505,4346400,3/1/2013,Larry Page,1
Google,2013,400.996002,3610900,4/1/2013,Larry Page,1
Google,2013,410.625641,2907000,5/1/2013,Larry Page,1
Google,2013,444.384399,3446100,7/1/2013,Larry Page,1
Google,2013,452.562561,4272500,8/1/2013,Larry Page,1
Google,2013,443.943939,3366200,10/1/2013,Larry Page,1
Google,2013,514.034058,2564000,11/1/2013,Larry Page,1
Google,2014,568.013,4357600,4/1/2014,Larry Page,1
Google,2014,538.530029,2004300,5/1/2014,Larry Page,1
Google,2014,591.48999,1643200,7/1/2014,Larry Page,1
Google,2014,573.599976,2213300,8/1/2014,Larry Page,1
Google,2014,579.630005,1447700,10/1/2014,Larry Page,1
Google,2014,539.650024,1994400,12/1/2014,Larry Page,1
Google,2015,549.48999,1945100,4/1/2015,Larry Page,1
Google,2015,549.48999,1945100,4/1/2015,Sundar Pichai,1
Google,2015,551.159973,1828600,5/1/2015,Larry Page,1
Google,2015,551.159973,1828600,5/1/2015,Sundar Pichai,1
Google,2015,549.210022,1660500,6/1/2015,Larry Page,1
Google,2015,549.210022,1660500,6/1/2015,Sundar Pichai,1
Google,2015,543.299988,1538000,7/1/2015,Larry Page,1
Google,2015,543.299988,1538000,7/1/2015,Sundar Pichai,1
Google,2015,629.559998,2572900,9/1/2015,Larry Page,1
Google,2015,629.559998,2572900,9/1/2015,Sundar Pichai,1
Google,2015,642,2125300,10/1/2015,Larry Page,1
Google,2015,642,2125300,10/1/2015,Sundar Pichai,1
Google,2015,783.789978,2019900,12/1/2015,Larry Page,1
Google,2015,783.789978,2019900,12/1/2015,Sundar Pichai,1
Google,2016,770.77002,5576100,2/1/2016,Sundar Pichai,1
Google,2016,742.169983,3005600,3/1/2016,Sundar Pichai,1
Google,2016,769.669983,1583700,4/1/2016,Sundar Pichai,1
Google,2016,748.460022,1039400,6/1/2016,Sundar Pichai,1
Google,2016,710.25,1549200,7/1/2016,Sundar Pichai,1
Google,2016,800.940002,3029700,8/1/2016,Sundar Pichai,1
Google,2016,791.400024,1303500,9/1/2016,Sundar Pichai,1
Google,2016,805.47998,2355900,11/1/2016,Sundar Pichai,1
Google,2016,764.330017,2867100,12/1/2016,Sundar Pichai,1
Google,2017,815.23999,2251000,2/1/2017,Sundar Pichai,1
Google,2017,856.75,1818700,3/1/2017,Sundar Pichai,1
Google,2017,932.820007,2327800,5/1/2017,Sundar Pichai,1
Google,2017,988.289978,1306400,6/1/2017,Sundar Pichai,1
Google,2017,946.559998,1402600,8/1/2017,Sundar Pichai,1
Google,2017,951.98999,1042900,9/1/2017,Sundar Pichai,1
Google,2017,1042.599976,2163100,11/1/2017,Sundar Pichai,1
Google,2017,1025.069946,1888100,12/1/2017,Sundar Pichai,1
Google,2018,1181.589966,3675700,2/1/2018,Sundar Pichai,1
Google,2018,1071.410034,2766900,3/1/2018,Sundar Pichai,1
Google,2018,1040.75,1766300,5/1/2018,Sundar Pichai,1
Google,2018,1135,3160100,6/1/2018,Sundar Pichai,1
Google,2018,1232.98999,1849700,8/1/2018,Sundar Pichai,1
Google,2018,1208.530029,1658200,10/1/2018,Sundar Pichai,1
Google,2018,1085.97998,2006600,11/1/2018,Sundar Pichai,1
Google,2019,1118.619995,1655800,2/1/2019,Sundar Pichai,1
Google,2019,1148.52002,1704300,3/1/2019,Sundar Pichai,1
Google,2019,1198.97998,1385300,4/1/2019,Sundar Pichai,1
Google,2019,1173.319946,3717000,5/1/2019,Sundar Pichai,1
Google,2019,1100,1459800,7/1/2019,Sundar Pichai,1
Google,2019,1211.780029,1771300,8/1/2019,Sundar Pichai,1
Google,2019,1206,1225200,10/1/2019,Sundar Pichai,1
Google,2019,1272.25,1440600,11/1/2019,Sundar Pichai,1
Google,2020,1102.099976,2598500,4/1/2020,Sundar Pichai,1
Google,2020,1317.319946,2443600,5/1/2020,Sundar Pichai,1
Google,2020,1434.869995,1258100,6/1/2020,Sundar Pichai,1
Google,2020,1442,2109100,7/1/2020,Sundar Pichai,1
Google,2020,1655.079956,1133800,9/1/2020,Sundar Pichai,1
Netflix,2002,1.027857,4585000,7/1/2002,Reed Hastings,1
Netflix,2002,0.891429,4529000,8/1/2002,Reed Hastings,1
Netflix,2002,0.678571,3850000,10/1/2002,Reed Hastings,1
Netflix,2002,0.638571,2126600,11/1/2002,Reed Hastings,1
Netflix,2003,1.354286,17019800,4/1/2003,Reed Hastings,1
Netflix,2003,1.607143,14984200,5/1/2003,Reed Hastings,1
Netflix,2003,1.767857,12356400,7/1/2003,Reed Hastings,1
Netflix,2003,1.782143,6339200,8/1/2003,Reed Hastings,1
Netflix,2003,2.465,13876800,10/1/2003,Reed Hastings,1
Netflix,2003,3.621428,18172000,12/1/2003,Reed Hastings,1
Netflix,2004,4.964286,24390800,3/1/2004,Reed Hastings,1
Netflix,2004,5.051429,38566500,4/1/2004,Reed Hastings,1
Netflix,2004,4.657143,12985000,6/1/2004,Reed Hastings,1
Netflix,2004,5.135714,23076200,7/1/2004,Reed Hastings,1
Netflix,2004,2.038571,12443200,9/1/2004,Reed Hastings,1
Netflix,2004,2.332857,50051400,10/1/2004,Reed Hastings,1
Netflix,2004,1.347143,13169100,11/1/2004,Reed Hastings,1
Netflix,2004,1.607143,16457000,12/1/2004,Reed Hastings,1
Netflix,2005,1.64,4743900,2/1/2005,Reed Hastings,1
Netflix,2005,1.541429,4452000,3/1/2005,Reed Hastings,1
Netflix,2005,1.547143,10175200,4/1/2005,Reed Hastings,1
Netflix,2005,2.071429,4250400,6/1/2005,Reed Hastings,1
Netflix,2005,2.364286,2040500,7/1/2005,Reed Hastings,1
Netflix,2005,2.762857,22481900,8/1/2005,Reed Hastings,1
Netflix,2005,3.064286,4910500,9/1/2005,Reed Hastings,1
Netflix,2005,3.668571,7213500,11/1/2005,Reed Hastings,1
Netflix,2005,3.872857,4576600,12/1/2005,Reed Hastings,1
Netflix,2006,3.872857,11245500,2/1/2006,Reed Hastings,1
Netflix,2006,3.835714,5990600,3/1/2006,Reed Hastings,1
Netflix,2006,4.228571,10093300,5/1/2006,Reed Hastings,1
Netflix,2006,4.072857,4203500,6/1/2006,Reed Hastings,1
Netflix,2006,2.928571,13189400,8/1/2006,Reed Hastings,1
Netflix,2006,2.86,5992700,9/1/2006,Reed Hastings,1
Netflix,2006,3.935714,9830100,11/1/2006,Reed Hastings,1
Netflix,2006,4.208571,6374200,12/1/2006,Reed Hastings,1
Netflix,2007,3.247143,7888300,2/1/2007,Reed Hastings,1
Netflix,2007,3.261429,12429200,3/1/2007,Reed Hastings,1
Netflix,2007,3.164286,9521400,5/1/2007,Reed Hastings,1
Netflix,2007,3.081429,8029700,6/1/2007,Reed Hastings,1
Netflix,2007,2.451429,14216300,8/1/2007,Reed Hastings,1
Netflix,2007,3.031429,9528400,10/1/2007,Reed Hastings,1
Netflix,2007,3.755714,10406200,11/1/2007,Reed Hastings,1
Netflix,2008,3.627143,12623100,2/1/2008,Reed Hastings,1
Netflix,2008,5.215714,16173500,4/1/2008,Reed Hastings,1
Netflix,2008,4.428571,17323600,5/1/2008,Reed Hastings,1
Netflix,2008,3.871428,17619700,7/1/2008,Reed Hastings,1
Netflix,2008,4.174286,17635800,8/1/2008,Reed Hastings,1
Netflix,2008,4.291429,6501600,10/1/2008,Reed Hastings,1
Netflix,2008,3.148571,7054600,12/1/2008,Reed Hastings,1
Netflix,2009,6.124286,10427900,4/1/2009,Reed Hastings,1
Netflix,2009,6.354286,7328300,5/1/2009,Reed Hastings,1
Netflix,2009,5.848571,9718100,6/1/2009,Reed Hastings,1
Netflix,2009,5.802857,8613500,7/1/2009,Reed Hastings,1
Netflix,2009,6.021429,10955000,9/1/2009,Reed Hastings,1
Netflix,2009,6.374286,8479800,10/1/2009,Reed Hastings,1
Netflix,2009,8.318571,13823600,12/1/2009,Reed Hastings,1
Netflix,2010,8.718572,18914000,2/1/2010,Reed Hastings,1
Netflix,2010,9.957143,12866700,3/1/2010,Reed Hastings,1
Netflix,2010,10.714286,13577200,4/1/2010,Reed Hastings,1
Netflix,2010,15.327143,15894900,6/1/2010,Reed Hastings,1
Netflix,2010,15.665714,22759800,7/1/2010,Reed Hastings,1
Netflix,2010,19.272858,58268000,9/1/2010,Reed Hastings,1
Netflix,2010,22.094286,58912700,10/1/2010,Reed Hastings,1
Netflix,2010,23.91,34553400,11/1/2010,Reed Hastings,1
Netflix,2010,28.591429,74986800,12/1/2010,Reed Hastings,1
Netflix,2011,30.414286,28660800,2/1/2011,Reed Hastings,1
Netflix,2011,29.232857,39839100,3/1/2011,Reed Hastings,1
Netflix,2011,34.584286,37766400,4/1/2011,Reed Hastings,1
Netflix,2011,38.18,41684300,6/1/2011,Reed Hastings,1
Netflix,2011,38.284286,27940500,7/1/2011,Reed Hastings,1
Netflix,2011,37.625713,25886700,8/1/2011,Reed Hastings,1
Netflix,2011,33.324287,21085400,9/1/2011,Reed Hastings,1
Netflix,2011,11.441428,33016200,11/1/2011,Reed Hastings,1
Netflix,2011,9.595715,52402700,12/1/2011,Reed Hastings,1
Netflix,2012,17.567142,52306800,2/1/2012,Reed Hastings,1
Netflix,2012,16.107143,36876000,3/1/2012,Reed Hastings,1
Netflix,2012,11.622857,32983300,5/1/2012,Reed Hastings,1
Netflix,2012,8.992857,35578200,6/1/2012,Reed Hastings,1
Netflix,2012,7.785714,33832400,8/1/2012,Reed Hastings,1
Netflix,2012,8.007143,30765700,10/1/2012,Reed Hastings,1
Netflix,2012,11.098572,62669600,11/1/2012,Reed Hastings,1
Netflix,2013,23.542856,50358000,2/1/2013,Reed Hastings,1
Netflix,2013,27.052856,21451500,3/1/2013,Reed Hastings,1
Netflix,2013,26.061428,22947400,4/1/2013,Reed Hastings,1
Netflix,2013,30.415714,18359600,5/1/2013,Reed Hastings,1
Netflix,2013,32.040001,24517500,7/1/2013,Reed Hastings,1
Netflix,2013,35.58857,14139300,8/1/2013,Reed Hastings,1
Netflix,2013,46.374287,29693300,10/1/2013,Reed Hastings,1
Netflix,2013,47.03857,22020600,11/1/2013,Reed Hastings,1
Netflix,2014,52.098572,21338800,4/1/2014,Reed Hastings,1
Netflix,2014,48.074287,37001300,5/1/2014,Reed Hastings,1
Netflix,2014,67.585716,37995300,7/1/2014,Reed Hastings,1
Netflix,2014,60.771427,18947600,8/1/2014,Reed Hastings,1
Netflix,2014,62.685715,15416100,10/1/2014,Reed Hastings,1
Netflix,2014,48.830002,11964400,12/1/2014,Reed Hastings,1
Netflix,2015,59.017143,14639800,4/1/2015,Reed Hastings,1
Netflix,2015,79.575714,8906100,5/1/2015,Reed Hastings,1
Netflix,2015,89.002853,9926000,6/1/2015,Reed Hastings,1
Netflix,2015,93.635712,14699300,7/1/2015,Reed Hastings,1
Netflix,2015,105.790001,35977100,9/1/2015,Reed Hastings,1
Netflix,2015,105.980003,17426900,10/1/2015,Reed Hastings,1
Netflix,2015,125.370003,12550800,12/1/2015,Reed Hastings,1
Netflix,2016,94.089996,19684500,2/1/2016,Reed Hastings,1
Netflix,2016,98.300003,17048800,3/1/2016,Reed Hastings,1
Netflix,2016,105.699997,14182400,4/1/2016,Reed Hastings,1
Netflix,2016,101.510002,8393400,6/1/2016,Reed Hastings,1
Netflix,2016,96.669998,16167200,7/1/2016,Reed Hastings,1
Netflix,2016,94.370003,10666900,8/1/2016,Reed Hastings,1
Netflix,2016,97.379997,4148600,9/1/2016,Reed Hastings,1
Netflix,2016,123.300003,6978600,11/1/2016,Reed Hastings,1
Netflix,2016,117.220001,8636900,12/1/2016,Reed Hastings,1
Netflix,2017,140.779999,6033400,2/1/2017,Reed Hastings,1
Netflix,2017,142.649994,4170600,3/1/2017,Reed Hastings,1
Netflix,2017,155.350006,9031600,5/1/2017,Reed Hastings,1
Netflix,2017,162.990005,3896300,6/1/2017,Reed Hastings,1
Netflix,2017,182.029999,5112700,8/1/2017,Reed Hastings,1
Netflix,2017,174.740005,3813000,9/1/2017,Reed Hastings,1
Netflix,2017,198,5017400,11/1/2017,Reed Hastings,1
Netflix,2017,186.820007,6219500,12/1/2017,Reed Hastings,1
Netflix,2018,265.070007,9669000,2/1/2018,Reed Hastings,1
Netflix,2018,290.390015,11932100,3/1/2018,Reed Hastings,1
Netflix,2018,313.299988,6036600,5/1/2018,Reed Hastings,1
Netflix,2018,359.929993,7112300,6/1/2018,Reed Hastings,1
Netflix,2018,338.380005,7790500,8/1/2018,Reed Hastings,1
Netflix,2018,381.429993,8376600,10/1/2018,Reed Hastings,1
Netflix,2018,317.380005,15121500,11/1/2018,Reed Hastings,1
Netflix,2019,339.850006,9827800,2/1/2019,Reed Hastings,1
Netflix,2019,357.320007,5526500,3/1/2019,Reed Hastings,1
Netflix,2019,366.959991,7036100,4/1/2019,Reed Hastings,1
Netflix,2019,378.809998,9257300,5/1/2019,Reed Hastings,1
Netflix,2019,374.600006,4992600,7/1/2019,Reed Hastings,1
Netflix,2019,319.5,6563200,8/1/2019,Reed Hastings,1
Netflix,2019,269.579987,8650300,10/1/2019,Reed Hastings,1
Netflix,2019,286.809998,5594300,11/1/2019,Reed Hastings,1
Netflix,2020,364.079987,6672500,4/1/2020,Reed Hastings,1
Netflix,2020,364.079987,6672500,4/1/2020,Ted Sarandos,1
Netflix,2020,415.269989,8299900,5/1/2020,Reed Hastings,1
Netflix,2020,415.269989,8299900,5/1/2020,Ted Sarandos,1
Netflix,2020,425.920013,3743700,6/1/2020,Reed Hastings,1
Netflix,2020,425.920013,3743700,6/1/2020,Ted Sarandos,1
Netflix,2020,485.640015,9705900,7/1/2020,Reed Hastings,1
Netflix,2020,485.640015,9705900,7/1/2020,Ted Sarandos,1
